week,term,interest
2021-05-16,cage free eggs,5
2021-05-16,organic eggs,11
2021-05-16,pasture raised eggs,8
2021-05-16,regenerative eggs,0
2021-05-23,cage free eggs,4
2021-05-23,organic eggs,13
2021-05-23,pasture raised eggs,9
2021-05-23,regenerative eggs,0
2021-05-30,cage free eggs,5
2021-05-30,organic eggs,11
2021-05-30,pasture raised eggs,9
2021-05-30,regenerative eggs,0
2021-06-06,cage free eggs,5
2021-06-06,organic eggs,11
2021-06-06,pasture raised eggs,6
2021-06-06,regenerative eggs,0
2021-06-13,cage free eggs,5
2021-06-13,organic eggs,11
2021-06-13,pasture raised eggs,5
2021-06-13,regenerative eggs,0
2021-06-20,cage free eggs,5
2021-06-20,organic eggs,10
2021-06-20,pasture raised eggs,6
2021-06-20,regenerative eggs,0
2021-06-27,cage free eggs,6
2021-06-27,organic eggs,10
2021-06-27,pasture raised eggs,5
2021-06-27,regenerative eggs,0
2021-07-04,cage free eggs,6
2021-07-04,organic eggs,11
2021-07-04,pasture raised eggs,6
2021-07-04,regenerative eggs,0
2021-07-11,cage free eggs,4
2021-07-11,organic eggs,11
2021-07-11,pasture raised eggs,7
2021-07-11,regenerative eggs,0
2021-07-18,cage free eggs,5
2021-07-18,organic eggs,10
2021-07-18,pasture raised eggs,9
2021-07-18,regenerative eggs,0
2021-07-25,cage free eggs,4
2021-07-25,organic eggs,10
2021-07-25,pasture raised eggs,8
2021-07-25,regenerative eggs,0
2021-08-01,cage free eggs,4
2021-08-01,organic eggs,11
2021-08-01,pasture raised eggs,6
2021-08-01,regenerative eggs,0
2021-08-08,cage free eggs,4
2021-08-08,organic eggs,12
2021-08-08,pasture raised eggs,5
2021-08-08,regenerative eggs,0
2021-08-15,cage free eggs,5
2021-08-15,organic eggs,11
2021-08-15,pasture raised eggs,5
2021-08-15,regenerative eggs,0
2021-08-22,cage free eggs,5
2021-08-22,organic eggs,10
2021-08-22,pasture raised eggs,5
2021-08-22,regenerative eggs,0
2021-08-29,cage free eggs,4
2021-08-29,organic eggs,11
2021-08-29,pasture raised eggs,6
2021-08-29,regenerative eggs,0
2021-09-05,cage free eggs,5
2021-09-05,organic eggs,10
2021-09-05,pasture raised eggs,5
2021-09-05,regenerative eggs,0
2021-09-12,cage free eggs,4
2021-09-12,organic eggs,11
2021-09-12,pasture raised eggs,5
2021-09-12,regenerative eggs,0
2021-09-19,cage free eggs,5
2021-09-19,organic eggs,10
2021-09-19,pasture raised eggs,7
2021-09-19,regenerative eggs,0
2021-09-26,cage free eggs,5
2021-09-26,organic eggs,11
2021-09-26,pasture raised eggs,7
2021-09-26,regenerative eggs,0
2021-10-03,cage free eggs,5
2021-10-03,organic eggs,10
2021-10-03,pasture raised eggs,5
2021-10-03,regenerative eggs,0
2021-10-10,cage free eggs,5
2021-10-10,organic eggs,12
2021-10-10,pasture raised eggs,6
2021-10-10,regenerative eggs,0
2021-10-17,cage free eggs,5
2021-10-17,organic eggs,12
2021-10-17,pasture raised eggs,7
2021-10-17,regenerative eggs,0
2021-10-24,cage free eggs,5
2021-10-24,organic eggs,11
2021-10-24,pasture raised eggs,7
2021-10-24,regenerative eggs,0
2021-10-31,cage free eggs,5
2021-10-31,organic eggs,10
2021-10-31,pasture raised eggs,4
2021-10-31,regenerative eggs,0
2021-11-07,cage free eggs,4
2021-11-07,organic eggs,11
2021-11-07,pasture raised eggs,5
2021-11-07,regenerative eggs,0
2021-11-14,cage free eggs,4
2021-11-14,organic eggs,9
2021-11-14,pasture raised eggs,5
2021-11-14,regenerative eggs,0
2021-11-21,cage free eggs,5
2021-11-21,organic eggs,8
2021-11-21,pasture raised eggs,5
2021-11-21,regenerative eggs,0
2021-11-28,cage free eggs,5
2021-11-28,organic eggs,12
2021-11-28,pasture raised eggs,10
2021-11-28,regenerative eggs,0
2021-12-05,cage free eggs,5
2021-12-05,organic eggs,11
2021-12-05,pasture raised eggs,7
2021-12-05,regenerative eggs,0
2021-12-12,cage free eggs,6
2021-12-12,organic eggs,9
2021-12-12,pasture raised eggs,7
2021-12-12,regenerative eggs,0
2021-12-19,cage free eggs,6
2021-12-19,organic eggs,11
2021-12-19,pasture raised eggs,6
2021-12-19,regenerative eggs,0
2021-12-26,cage free eggs,5
2021-12-26,organic eggs,11
2021-12-26,pasture raised eggs,6
2021-12-26,regenerative eggs,0
2022-01-02,cage free eggs,8
2022-01-02,organic eggs,17
2022-01-02,pasture raised eggs,9
2022-01-02,regenerative eggs,0
2022-01-09,cage free eggs,7
2022-01-09,organic eggs,15
2022-01-09,pasture raised eggs,9
2022-01-09,regenerative eggs,0
2022-01-16,cage free eggs,8
2022-01-16,organic eggs,15
2022-01-16,pasture raised eggs,9
2022-01-16,regenerative eggs,0
2022-01-23,cage free eggs,9
2022-01-23,organic eggs,15
2022-01-23,pasture raised eggs,8
2022-01-23,regenerative eggs,0
2022-01-30,cage free eggs,7
2022-01-30,organic eggs,17
2022-01-30,pasture raised eggs,7
2022-01-30,regenerative eggs,0
2022-02-06,cage free eggs,8
2022-02-06,organic eggs,15
2022-02-06,pasture raised eggs,8
2022-02-06,regenerative eggs,0
2022-02-13,cage free eggs,8
2022-02-13,organic eggs,16
2022-02-13,pasture raised eggs,7
2022-02-13,regenerative eggs,0
2022-02-20,cage free eggs,7
2022-02-20,organic eggs,14
2022-02-20,pasture raised eggs,10
2022-02-20,regenerative eggs,0
2022-02-27,cage free eggs,6
2022-02-27,organic eggs,14
2022-02-27,pasture raised eggs,9
2022-02-27,regenerative eggs,0
2022-03-06,cage free eggs,6
2022-03-06,organic eggs,17
2022-03-06,pasture raised eggs,8
2022-03-06,regenerative eggs,0
2022-03-13,cage free eggs,6
2022-03-13,organic eggs,17
2022-03-13,pasture raised eggs,9
2022-03-13,regenerative eggs,0
2022-03-20,cage free eggs,7
2022-03-20,organic eggs,18
2022-03-20,pasture raised eggs,8
2022-03-20,regenerative eggs,0
2022-03-27,cage free eggs,7
2022-03-27,organic eggs,17
2022-03-27,pasture raised eggs,8
2022-03-27,regenerative eggs,0
2022-04-03,cage free eggs,8
2022-04-03,organic eggs,19
2022-04-03,pasture raised eggs,10
2022-04-03,regenerative eggs,0
2022-04-10,cage free eggs,8
2022-04-10,organic eggs,18
2022-04-10,pasture raised eggs,10
2022-04-10,regenerative eggs,0
2022-04-17,cage free eggs,7
2022-04-17,organic eggs,17
2022-04-17,pasture raised eggs,12
2022-04-17,regenerative eggs,0
2022-04-24,cage free eggs,7
2022-04-24,organic eggs,17
2022-04-24,pasture raised eggs,12
2022-04-24,regenerative eggs,0
2022-05-01,cage free eggs,7
2022-05-01,organic eggs,15
2022-05-01,pasture raised eggs,9
2022-05-01,regenerative eggs,0
2022-05-08,cage free eggs,7
2022-05-08,organic eggs,15
2022-05-08,pasture raised eggs,11
2022-05-08,regenerative eggs,0
2022-05-15,cage free eggs,7
2022-05-15,organic eggs,16
2022-05-15,pasture raised eggs,9
2022-05-15,regenerative eggs,0
2022-05-22,cage free eggs,7
2022-05-22,organic eggs,14
2022-05-22,pasture raised eggs,9
2022-05-22,regenerative eggs,0
2022-05-29,cage free eggs,6
2022-05-29,organic eggs,14
2022-05-29,pasture raised eggs,7
2022-05-29,regenerative eggs,0
2022-06-05,cage free eggs,6
2022-06-05,organic eggs,15
2022-06-05,pasture raised eggs,10
2022-06-05,regenerative eggs,0
2022-06-12,cage free eggs,7
2022-06-12,organic eggs,16
2022-06-12,pasture raised eggs,12
2022-06-12,regenerative eggs,0
2022-06-19,cage free eggs,6
2022-06-19,organic eggs,15
2022-06-19,pasture raised eggs,9
2022-06-19,regenerative eggs,0
2022-06-26,cage free eggs,7
2022-06-26,organic eggs,15
2022-06-26,pasture raised eggs,11
2022-06-26,regenerative eggs,0
2022-07-03,cage free eggs,6
2022-07-03,organic eggs,14
2022-07-03,pasture raised eggs,13
2022-07-03,regenerative eggs,0
2022-07-10,cage free eggs,6
2022-07-10,organic eggs,14
2022-07-10,pasture raised eggs,10
2022-07-10,regenerative eggs,0
2022-07-17,cage free eggs,8
2022-07-17,organic eggs,13
2022-07-17,pasture raised eggs,9
2022-07-17,regenerative eggs,0
2022-07-24,cage free eggs,7
2022-07-24,organic eggs,14
2022-07-24,pasture raised eggs,10
2022-07-24,regenerative eggs,0
2022-07-31,cage free eggs,7
2022-07-31,organic eggs,16
2022-07-31,pasture raised eggs,11
2022-07-31,regenerative eggs,0
2022-08-07,cage free eggs,6
2022-08-07,organic eggs,14
2022-08-07,pasture raised eggs,10
2022-08-07,regenerative eggs,0
2022-08-14,cage free eggs,5
2022-08-14,organic eggs,16
2022-08-14,pasture raised eggs,9
2022-08-14,regenerative eggs,0
2022-08-21,cage free eggs,7
2022-08-21,organic eggs,14
2022-08-21,pasture raised eggs,10
2022-08-21,regenerative eggs,0
2022-08-28,cage free eggs,6
2022-08-28,organic eggs,14
2022-08-28,pasture raised eggs,10
2022-08-28,regenerative eggs,0
2022-09-04,cage free eggs,5
2022-09-04,organic eggs,13
2022-09-04,pasture raised eggs,9
2022-09-04,regenerative eggs,0
2022-09-11,cage free eggs,6
2022-09-11,organic eggs,13
2022-09-11,pasture raised eggs,10
2022-09-11,regenerative eggs,0
2022-09-18,cage free eggs,6
2022-09-18,organic eggs,13
2022-09-18,pasture raised eggs,9
2022-09-18,regenerative eggs,0
2022-09-25,cage free eggs,5
2022-09-25,organic eggs,12
2022-09-25,pasture raised eggs,8
2022-09-25,regenerative eggs,0
2022-10-02,cage free eggs,5
2022-10-02,organic eggs,15
2022-10-02,pasture raised eggs,10
2022-10-02,regenerative eggs,0
2022-10-09,cage free eggs,7
2022-10-09,organic eggs,16
2022-10-09,pasture raised eggs,10
2022-10-09,regenerative eggs,0
2022-10-16,cage free eggs,6
2022-10-16,organic eggs,14
2022-10-16,pasture raised eggs,9
2022-10-16,regenerative eggs,0
2022-10-23,cage free eggs,6
2022-10-23,organic eggs,14
2022-10-23,pasture raised eggs,8
2022-10-23,regenerative eggs,0
2022-10-30,cage free eggs,5
2022-10-30,organic eggs,15
2022-10-30,pasture raised eggs,9
2022-10-30,regenerative eggs,0
2022-11-06,cage free eggs,7
2022-11-06,organic eggs,13
2022-11-06,pasture raised eggs,10
2022-11-06,regenerative eggs,0
2022-11-13,cage free eggs,6
2022-11-13,organic eggs,13
2022-11-13,pasture raised eggs,9
2022-11-13,regenerative eggs,0
2022-11-20,cage free eggs,7
2022-11-20,organic eggs,13
2022-11-20,pasture raised eggs,9
2022-11-20,regenerative eggs,0
2022-11-27,cage free eggs,7
2022-11-27,organic eggs,14
2022-11-27,pasture raised eggs,9
2022-11-27,regenerative eggs,0
2022-12-04,cage free eggs,7
2022-12-04,organic eggs,18
2022-12-04,pasture raised eggs,10
2022-12-04,regenerative eggs,0
2022-12-11,cage free eggs,10
2022-12-11,organic eggs,15
2022-12-11,pasture raised eggs,9
2022-12-11,regenerative eggs,0
2022-12-18,cage free eggs,10
2022-12-18,organic eggs,14
2022-12-18,pasture raised eggs,8
2022-12-18,regenerative eggs,0
2022-12-25,cage free eggs,10
2022-12-25,organic eggs,17
2022-12-25,pasture raised eggs,11
2022-12-25,regenerative eggs,0
2023-01-01,cage free eggs,18
2023-01-01,organic eggs,24
2023-01-01,pasture raised eggs,13
2023-01-01,regenerative eggs,0
2023-01-08,cage free eggs,16
2023-01-08,organic eggs,29
2023-01-08,pasture raised eggs,15
2023-01-08,regenerative eggs,0
2023-01-15,cage free eggs,17
2023-01-15,organic eggs,29
2023-01-15,pasture raised eggs,17
2023-01-15,regenerative eggs,0
2023-01-22,cage free eggs,12
2023-01-22,organic eggs,27
2023-01-22,pasture raised eggs,18
2023-01-22,regenerative eggs,0
2023-01-29,cage free eggs,12
2023-01-29,organic eggs,24
2023-01-29,pasture raised eggs,13
2023-01-29,regenerative eggs,0
2023-02-05,cage free eggs,9
2023-02-05,organic eggs,21
2023-02-05,pasture raised eggs,11
2023-02-05,regenerative eggs,0
2023-02-12,cage free eggs,9
2023-02-12,organic eggs,22
2023-02-12,pasture raised eggs,11
2023-02-12,regenerative eggs,0
2023-02-19,cage free eggs,10
2023-02-19,organic eggs,20
2023-02-19,pasture raised eggs,11
2023-02-19,regenerative eggs,0
2023-02-26,cage free eggs,8
2023-02-26,organic eggs,19
2023-02-26,pasture raised eggs,12
2023-02-26,regenerative eggs,0
2023-03-05,cage free eggs,7
2023-03-05,organic eggs,21
2023-03-05,pasture raised eggs,8
2023-03-05,regenerative eggs,0
2023-03-12,cage free eggs,7
2023-03-12,organic eggs,18
2023-03-12,pasture raised eggs,9
2023-03-12,regenerative eggs,0
2023-03-19,cage free eggs,7
2023-03-19,organic eggs,20
2023-03-19,pasture raised eggs,10
2023-03-19,regenerative eggs,0
2023-03-26,cage free eggs,8
2023-03-26,organic eggs,18
2023-03-26,pasture raised eggs,11
2023-03-26,regenerative eggs,0
2023-04-02,cage free eggs,9
2023-04-02,organic eggs,23
2023-04-02,pasture raised eggs,10
2023-04-02,regenerative eggs,0
2023-04-09,cage free eggs,8
2023-04-09,organic eggs,18
2023-04-09,pasture raised eggs,11
2023-04-09,regenerative eggs,0
2023-04-16,cage free eggs,6
2023-04-16,organic eggs,17
2023-04-16,pasture raised eggs,11
2023-04-16,regenerative eggs,0
2023-04-23,cage free eggs,6
2023-04-23,organic eggs,16
2023-04-23,pasture raised eggs,12
2023-04-23,regenerative eggs,0
2023-04-30,cage free eggs,6
2023-04-30,organic eggs,18
2023-04-30,pasture raised eggs,10
2023-04-30,regenerative eggs,0
2023-05-07,cage free eggs,7
2023-05-07,organic eggs,16
2023-05-07,pasture raised eggs,10
2023-05-07,regenerative eggs,0
2023-05-14,cage free eggs,7
2023-05-14,organic eggs,15
2023-05-14,pasture raised eggs,10
2023-05-14,regenerative eggs,0
2023-05-21,cage free eggs,7
2023-05-21,organic eggs,15
2023-05-21,pasture raised eggs,12
2023-05-21,regenerative eggs,0
2023-05-28,cage free eggs,5
2023-05-28,organic eggs,16
2023-05-28,pasture raised eggs,13
2023-05-28,regenerative eggs,0
2023-06-04,cage free eggs,7
2023-06-04,organic eggs,16
2023-06-04,pasture raised eggs,16
2023-06-04,regenerative eggs,0
2023-06-11,cage free eggs,8
2023-06-11,organic eggs,18
2023-06-11,pasture raised eggs,12
2023-06-11,regenerative eggs,0
2023-06-18,cage free eggs,8
2023-06-18,organic eggs,17
2023-06-18,pasture raised eggs,11
2023-06-18,regenerative eggs,0
2023-06-25,cage free eggs,7
2023-06-25,organic eggs,16
2023-06-25,pasture raised eggs,14
2023-06-25,regenerative eggs,0
2023-07-02,cage free eggs,6
2023-07-02,organic eggs,16
2023-07-02,pasture raised eggs,12
2023-07-02,regenerative eggs,0
2023-07-09,cage free eggs,5
2023-07-09,organic eggs,14
2023-07-09,pasture raised eggs,12
2023-07-09,regenerative eggs,0
2023-07-16,cage free eggs,6
2023-07-16,organic eggs,13
2023-07-16,pasture raised eggs,11
2023-07-16,regenerative eggs,0
2023-07-23,cage free eggs,7
2023-07-23,organic eggs,16
2023-07-23,pasture raised eggs,14
2023-07-23,regenerative eggs,0
2023-07-30,cage free eggs,6
2023-07-30,organic eggs,17
2023-07-30,pasture raised eggs,12
2023-07-30,regenerative eggs,0
2023-08-06,cage free eggs,6
2023-08-06,organic eggs,19
2023-08-06,pasture raised eggs,14
2023-08-06,regenerative eggs,0
2023-08-13,cage free eggs,8
2023-08-13,organic eggs,17
2023-08-13,pasture raised eggs,12
2023-08-13,regenerative eggs,0
2023-08-20,cage free eggs,5
2023-08-20,organic eggs,15
2023-08-20,pasture raised eggs,11
2023-08-20,regenerative eggs,0
2023-08-27,cage free eggs,7
2023-08-27,organic eggs,18
2023-08-27,pasture raised eggs,16
2023-08-27,regenerative eggs,0
2023-09-03,cage free eggs,6
2023-09-03,organic eggs,16
2023-09-03,pasture raised eggs,13
2023-09-03,regenerative eggs,0
2023-09-10,cage free eggs,7
2023-09-10,organic eggs,18
2023-09-10,pasture raised eggs,11
2023-09-10,regenerative eggs,0
2023-09-17,cage free eggs,6
2023-09-17,organic eggs,16
2023-09-17,pasture raised eggs,14
2023-09-17,regenerative eggs,0
2023-09-24,cage free eggs,6
2023-09-24,organic eggs,16
2023-09-24,pasture raised eggs,12
2023-09-24,regenerative eggs,0
2023-10-01,cage free eggs,7
2023-10-01,organic eggs,17
2023-10-01,pasture raised eggs,14
2023-10-01,regenerative eggs,0
2023-10-08,cage free eggs,7
2023-10-08,organic eggs,14
2023-10-08,pasture raised eggs,11
2023-10-08,regenerative eggs,0
2023-10-15,cage free eggs,7
2023-10-15,organic eggs,15
2023-10-15,pasture raised eggs,11
2023-10-15,regenerative eggs,0
2023-10-22,cage free eggs,7
2023-10-22,organic eggs,16
2023-10-22,pasture raised eggs,11
2023-10-22,regenerative eggs,0
2023-10-29,cage free eggs,6
2023-10-29,organic eggs,15
2023-10-29,pasture raised eggs,12
2023-10-29,regenerative eggs,0
2023-11-05,cage free eggs,8
2023-11-05,organic eggs,17
2023-11-05,pasture raised eggs,11
2023-11-05,regenerative eggs,0
2023-11-12,cage free eggs,6
2023-11-12,organic eggs,17
2023-11-12,pasture raised eggs,12
2023-11-12,regenerative eggs,0
2023-11-19,cage free eggs,7
2023-11-19,organic eggs,13
2023-11-19,pasture raised eggs,11
2023-11-19,regenerative eggs,0
2023-11-26,cage free eggs,7
2023-11-26,organic eggs,15
2023-11-26,pasture raised eggs,14
2023-11-26,regenerative eggs,0
2023-12-03,cage free eggs,8
2023-12-03,organic eggs,16
2023-12-03,pasture raised eggs,13
2023-12-03,regenerative eggs,0
2023-12-10,cage free eggs,8
2023-12-10,organic eggs,16
2023-12-10,pasture raised eggs,16
2023-12-10,regenerative eggs,0
2023-12-17,cage free eggs,6
2023-12-17,organic eggs,15
2023-12-17,pasture raised eggs,13
2023-12-17,regenerative eggs,0
2023-12-24,cage free eggs,9
2023-12-24,organic eggs,16
2023-12-24,pasture raised eggs,17
2023-12-24,regenerative eggs,0
2023-12-31,cage free eggs,11
2023-12-31,organic eggs,20
2023-12-31,pasture raised eggs,18
2023-12-31,regenerative eggs,0
2024-01-07,cage free eggs,13
2024-01-07,organic eggs,22
2024-01-07,pasture raised eggs,26
2024-01-07,regenerative eggs,0
2024-01-14,cage free eggs,12
2024-01-14,organic eggs,20
2024-01-14,pasture raised eggs,22
2024-01-14,regenerative eggs,0
2024-01-21,cage free eggs,10
2024-01-21,organic eggs,22
2024-01-21,pasture raised eggs,27
2024-01-21,regenerative eggs,0
2024-01-28,cage free eggs,10
2024-01-28,organic eggs,21
2024-01-28,pasture raised eggs,21
2024-01-28,regenerative eggs,0
2024-02-04,cage free eggs,11
2024-02-04,organic eggs,21
2024-02-04,pasture raised eggs,19
2024-02-04,regenerative eggs,0
2024-02-11,cage free eggs,11
2024-02-11,organic eggs,20
2024-02-11,pasture raised eggs,21
2024-02-11,regenerative eggs,0
2024-02-18,cage free eggs,12
2024-02-18,organic eggs,22
2024-02-18,pasture raised eggs,22
2024-02-18,regenerative eggs,0
2024-02-25,cage free eggs,13
2024-02-25,organic eggs,22
2024-02-25,pasture raised eggs,21
2024-02-25,regenerative eggs,0
2024-03-03,cage free eggs,10
2024-03-03,organic eggs,21
2024-03-03,pasture raised eggs,21
2024-03-03,regenerative eggs,0
2024-03-10,cage free eggs,10
2024-03-10,organic eggs,21
2024-03-10,pasture raised eggs,16
2024-03-10,regenerative eggs,0
2024-03-17,cage free eggs,8
2024-03-17,organic eggs,22
2024-03-17,pasture raised eggs,18
2024-03-17,regenerative eggs,0
2024-03-24,cage free eggs,11
2024-03-24,organic eggs,23
2024-03-24,pasture raised eggs,18
2024-03-24,regenerative eggs,0
2024-03-31,cage free eggs,9
2024-03-31,organic eggs,22
2024-03-31,pasture raised eggs,20
2024-03-31,regenerative eggs,0
2024-04-07,cage free eggs,9
2024-04-07,organic eggs,19
2024-04-07,pasture raised eggs,16
2024-04-07,regenerative eggs,0
2024-04-14,cage free eggs,7
2024-04-14,organic eggs,22
2024-04-14,pasture raised eggs,17
2024-04-14,regenerative eggs,0
2024-04-21,cage free eggs,10
2024-04-21,organic eggs,22
2024-04-21,pasture raised eggs,24
2024-04-21,regenerative eggs,1
2024-04-28,cage free eggs,9
2024-04-28,organic eggs,21
2024-04-28,pasture raised eggs,19
2024-04-28,regenerative eggs,0
2024-05-05,cage free eggs,8
2024-05-05,organic eggs,19
2024-05-05,pasture raised eggs,19
2024-05-05,regenerative eggs,0
2024-05-12,cage free eggs,9
2024-05-12,organic eggs,19
2024-05-12,pasture raised eggs,18
2024-05-12,regenerative eggs,0
2024-05-19,cage free eggs,8
2024-05-19,organic eggs,19
2024-05-19,pasture raised eggs,19
2024-05-19,regenerative eggs,0
2024-05-26,cage free eggs,7
2024-05-26,organic eggs,19
2024-05-26,pasture raised eggs,18
2024-05-26,regenerative eggs,0
2024-06-02,cage free eggs,8
2024-06-02,organic eggs,16
2024-06-02,pasture raised eggs,16
2024-06-02,regenerative eggs,0
2024-06-09,cage free eggs,8
2024-06-09,organic eggs,17
2024-06-09,pasture raised eggs,18
2024-06-09,regenerative eggs,0
2024-06-16,cage free eggs,6
2024-06-16,organic eggs,18
2024-06-16,pasture raised eggs,15
2024-06-16,regenerative eggs,0
2024-06-23,cage free eggs,8
2024-06-23,organic eggs,18
2024-06-23,pasture raised eggs,16
2024-06-23,regenerative eggs,0
2024-06-30,cage free eggs,8
2024-06-30,organic eggs,18
2024-06-30,pasture raised eggs,17
2024-06-30,regenerative eggs,0
2024-07-07,cage free eggs,8
2024-07-07,organic eggs,17
2024-07-07,pasture raised eggs,16
2024-07-07,regenerative eggs,0
2024-07-14,cage free eggs,5
2024-07-14,organic eggs,15
2024-07-14,pasture raised eggs,15
2024-07-14,regenerative eggs,0
2024-07-21,cage free eggs,7
2024-07-21,organic eggs,16
2024-07-21,pasture raised eggs,17
2024-07-21,regenerative eggs,0
2024-07-28,cage free eggs,7
2024-07-28,organic eggs,18
2024-07-28,pasture raised eggs,15
2024-07-28,regenerative eggs,0
2024-08-04,cage free eggs,7
2024-08-04,organic eggs,20
2024-08-04,pasture raised eggs,19
2024-08-04,regenerative eggs,0
2024-08-11,cage free eggs,8
2024-08-11,organic eggs,20
2024-08-11,pasture raised eggs,17
2024-08-11,regenerative eggs,0
2024-08-18,cage free eggs,8
2024-08-18,organic eggs,19
2024-08-18,pasture raised eggs,19
2024-08-18,regenerative eggs,0
2024-08-25,cage free eggs,8
2024-08-25,organic eggs,21
2024-08-25,pasture raised eggs,18
2024-08-25,regenerative eggs,0
2024-09-01,cage free eggs,8
2024-09-01,organic eggs,16
2024-09-01,pasture raised eggs,20
2024-09-01,regenerative eggs,0
2024-09-08,cage free eggs,9
2024-09-08,organic eggs,24
2024-09-08,pasture raised eggs,22
2024-09-08,regenerative eggs,0
2024-09-15,cage free eggs,9
2024-09-15,organic eggs,21
2024-09-15,pasture raised eggs,20
2024-09-15,regenerative eggs,0
2024-09-22,cage free eggs,9
2024-09-22,organic eggs,20
2024-09-22,pasture raised eggs,20
2024-09-22,regenerative eggs,0
2024-09-29,cage free eggs,9
2024-09-29,organic eggs,23
2024-09-29,pasture raised eggs,25
2024-09-29,regenerative eggs,0
2024-10-06,cage free eggs,10
2024-10-06,organic eggs,19
2024-10-06,pasture raised eggs,26
2024-10-06,regenerative eggs,0
2024-10-13,cage free eggs,10
2024-10-13,organic eggs,19
2024-10-13,pasture raised eggs,21
2024-10-13,regenerative eggs,0
2024-10-20,cage free eggs,8
2024-10-20,organic eggs,22
2024-10-20,pasture raised eggs,22
2024-10-20,regenerative eggs,0
2024-10-27,cage free eggs,8
2024-10-27,organic eggs,19
2024-10-27,pasture raised eggs,18
2024-10-27,regenerative eggs,0
2024-11-03,cage free eggs,9
2024-11-03,organic eggs,20
2024-11-03,pasture raised eggs,17
2024-11-03,regenerative eggs,0
2024-11-10,cage free eggs,10
2024-11-10,organic eggs,21
2024-11-10,pasture raised eggs,19
2024-11-10,regenerative eggs,0
2024-11-17,cage free eggs,10
2024-11-17,organic eggs,23
2024-11-17,pasture raised eggs,19
2024-11-17,regenerative eggs,0
2024-11-24,cage free eggs,11
2024-11-24,organic eggs,32
2024-11-24,pasture raised eggs,22
2024-11-24,regenerative eggs,0
2024-12-01,cage free eggs,15
2024-12-01,organic eggs,35
2024-12-01,pasture raised eggs,24
2024-12-01,regenerative eggs,0
2024-12-08,cage free eggs,13
2024-12-08,organic eggs,23
2024-12-08,pasture raised eggs,20
2024-12-08,regenerative eggs,0
2024-12-15,cage free eggs,14
2024-12-15,organic eggs,23
2024-12-15,pasture raised eggs,20
2024-12-15,regenerative eggs,0
2024-12-22,cage free eggs,23
2024-12-22,organic eggs,42
2024-12-22,pasture raised eggs,26
2024-12-22,regenerative eggs,0
2024-12-29,cage free eggs,30
2024-12-29,organic eggs,34
2024-12-29,pasture raised eggs,28
2024-12-29,regenerative eggs,0
2025-01-05,cage free eggs,27
2025-01-05,organic eggs,37
2025-01-05,pasture raised eggs,32
2025-01-05,regenerative eggs,0
2025-01-12,cage free eggs,26
2025-01-12,organic eggs,35
2025-01-12,pasture raised eggs,34
2025-01-12,regenerative eggs,0
2025-01-19,cage free eggs,21
2025-01-19,organic eggs,39
2025-01-19,pasture raised eggs,33
2025-01-19,regenerative eggs,0
2025-01-26,cage free eggs,22
2025-01-26,organic eggs,44
2025-01-26,pasture raised eggs,34
2025-01-26,regenerative eggs,0
2025-02-02,cage free eggs,23
2025-02-02,organic eggs,45
2025-02-02,pasture raised eggs,34
2025-02-02,regenerative eggs,1
2025-02-09,cage free eggs,20
2025-02-09,organic eggs,37
2025-02-09,pasture raised eggs,30
2025-02-09,regenerative eggs,2
2025-02-16,cage free eggs,22
2025-02-16,organic eggs,41
2025-02-16,pasture raised eggs,33
2025-02-16,regenerative eggs,1
2025-02-23,cage free eggs,17
2025-02-23,organic eggs,41
2025-02-23,pasture raised eggs,28
2025-02-23,regenerative eggs,0
2025-03-02,cage free eggs,15
2025-03-02,organic eggs,35
2025-03-02,pasture raised eggs,26
2025-03-02,regenerative eggs,0
2025-03-09,cage free eggs,15
2025-03-09,organic eggs,38
2025-03-09,pasture raised eggs,29
2025-03-09,regenerative eggs,0
2025-03-16,cage free eggs,15
2025-03-16,organic eggs,31
2025-03-16,pasture raised eggs,23
2025-03-16,regenerative eggs,0
2025-03-23,cage free eggs,12
2025-03-23,organic eggs,28
2025-03-23,pasture raised eggs,22
2025-03-23,regenerative eggs,1
2025-03-30,cage free eggs,12
2025-03-30,organic eggs,28
2025-03-30,pasture raised eggs,20
2025-03-30,regenerative eggs,0
2025-04-06,cage free eggs,12
2025-04-06,organic eggs,28
2025-04-06,pasture raised eggs,21
2025-04-06,regenerative eggs,0
2025-04-13,cage free eggs,11
2025-04-13,organic eggs,28
2025-04-13,pasture raised eggs,20
2025-04-13,regenerative eggs,0
2025-04-20,cage free eggs,9
2025-04-20,organic eggs,24
2025-04-20,pasture raised eggs,18
2025-04-20,regenerative eggs,0
2025-04-27,cage free eggs,12
2025-04-27,organic eggs,27
2025-04-27,pasture raised eggs,18
2025-04-27,regenerative eggs,0
2025-05-04,cage free eggs,9
2025-05-04,organic eggs,24
2025-05-04,pasture raised eggs,20
2025-05-04,regenerative eggs,0
2025-05-11,cage free eggs,9
2025-05-11,organic eggs,22
2025-05-11,pasture raised eggs,17
2025-05-11,regenerative eggs,0
2025-05-18,cage free eggs,10
2025-05-18,organic eggs,24
2025-05-18,pasture raised eggs,18
2025-05-18,regenerative eggs,0
2025-05-25,cage free eggs,9
2025-05-25,organic eggs,21
2025-05-25,pasture raised eggs,15
2025-05-25,regenerative eggs,0
2025-06-01,cage free eggs,9
2025-06-01,organic eggs,24
2025-06-01,pasture raised eggs,19
2025-06-01,regenerative eggs,0
2025-06-08,cage free eggs,17
2025-06-08,organic eggs,41
2025-06-08,pasture raised eggs,20
2025-06-08,regenerative eggs,0
2025-06-15,cage free eggs,10
2025-06-15,organic eggs,20
2025-06-15,pasture raised eggs,18
2025-06-15,regenerative eggs,0
2025-06-22,cage free eggs,9
2025-06-22,organic eggs,22
2025-06-22,pasture raised eggs,18
2025-06-22,regenerative eggs,0
2025-06-29,cage free eggs,8
2025-06-29,organic eggs,22
2025-06-29,pasture raised eggs,18
2025-06-29,regenerative eggs,0
2025-07-06,cage free eggs,11
2025-07-06,organic eggs,21
2025-07-06,pasture raised eggs,16
2025-07-06,regenerative eggs,0
2025-07-13,cage free eggs,10
2025-07-13,organic eggs,23
2025-07-13,pasture raised eggs,17
2025-07-13,regenerative eggs,0
2025-07-20,cage free eggs,9
2025-07-20,organic eggs,23
2025-07-20,pasture raised eggs,17
2025-07-20,regenerative eggs,0
2025-07-27,cage free eggs,11
2025-07-27,organic eggs,25
2025-07-27,pasture raised eggs,17
2025-07-27,regenerative eggs,0
2025-08-03,cage free eggs,10
2025-08-03,organic eggs,20
2025-08-03,pasture raised eggs,15
2025-08-03,regenerative eggs,0
2025-08-10,cage free eggs,10
2025-08-10,organic eggs,21
2025-08-10,pasture raised eggs,17
2025-08-10,regenerative eggs,0
2025-08-17,cage free eggs,7
2025-08-17,organic eggs,22
2025-08-17,pasture raised eggs,16
2025-08-17,regenerative eggs,0
2025-08-24,cage free eggs,11
2025-08-24,organic eggs,25
2025-08-24,pasture raised eggs,16
2025-08-24,regenerative eggs,0
2025-08-31,cage free eggs,10
2025-08-31,organic eggs,24
2025-08-31,pasture raised eggs,17
2025-08-31,regenerative eggs,0
2025-09-07,cage free eggs,9
2025-09-07,organic eggs,23
2025-09-07,pasture raised eggs,14
2025-09-07,regenerative eggs,0
2025-09-14,cage free eggs,8
2025-09-14,organic eggs,26
2025-09-14,pasture raised eggs,16
2025-09-14,regenerative eggs,0
2025-09-21,cage free eggs,10
2025-09-21,organic eggs,30
2025-09-21,pasture raised eggs,15
2025-09-21,regenerative eggs,2
2025-09-28,cage free eggs,9
2025-09-28,organic eggs,23
2025-09-28,pasture raised eggs,14
2025-09-28,regenerative eggs,0
2025-10-05,cage free eggs,8
2025-10-05,organic eggs,24
2025-10-05,pasture raised eggs,15
2025-10-05,regenerative eggs,0
2025-10-12,cage free eggs,9
2025-10-12,organic eggs,23
2025-10-12,pasture raised eggs,18
2025-10-12,regenerative eggs,0
2025-10-19,cage free eggs,9
2025-10-19,organic eggs,25
2025-10-19,pasture raised eggs,20
2025-10-19,regenerative eggs,0
2025-10-26,cage free eggs,10
2025-10-26,organic eggs,23
2025-10-26,pasture raised eggs,17
2025-10-26,regenerative eggs,0
2025-11-02,cage free eggs,10
2025-11-02,organic eggs,25
2025-11-02,pasture raised eggs,18
2025-11-02,regenerative eggs,0
2025-11-09,cage free eggs,10
2025-11-09,organic eggs,28
2025-11-09,pasture raised eggs,18
2025-11-09,regenerative eggs,0
2025-11-16,cage free eggs,10
2025-11-16,organic eggs,23
2025-11-16,pasture raised eggs,15
2025-11-16,regenerative eggs,0
2025-11-23,cage free eggs,10
2025-11-23,organic eggs,24
2025-11-23,pasture raised eggs,16
2025-11-23,regenerative eggs,0
2025-11-30,cage free eggs,11
2025-11-30,organic eggs,23
2025-11-30,pasture raised eggs,18
2025-11-30,regenerative eggs,0
2025-12-07,cage free eggs,10
2025-12-07,organic eggs,26
2025-12-07,pasture raised eggs,15
2025-12-07,regenerative eggs,0
2025-12-14,cage free eggs,10
2025-12-14,organic eggs,25
2025-12-14,pasture raised eggs,15
2025-12-14,regenerative eggs,0
2025-12-21,cage free eggs,7
2025-12-21,organic eggs,24
2025-12-21,pasture raised eggs,19
2025-12-21,regenerative eggs,0
2025-12-28,cage free eggs,11
2025-12-28,organic eggs,31
2025-12-28,pasture raised eggs,23
2025-12-28,regenerative eggs,0
2026-01-04,cage free eggs,13
2026-01-04,organic eggs,29
2026-01-04,pasture raised eggs,25
2026-01-04,regenerative eggs,0
2026-01-11,cage free eggs,13
2026-01-11,organic eggs,38
2026-01-11,pasture raised eggs,30
2026-01-11,regenerative eggs,1
2026-01-18,cage free eggs,16
2026-01-18,organic eggs,48
2026-01-18,pasture raised eggs,49
2026-01-18,regenerative eggs,3
2026-01-25,cage free eggs,12
2026-01-25,organic eggs,40
2026-01-25,pasture raised eggs,35
2026-01-25,regenerative eggs,2
2026-02-01,cage free eggs,11
2026-02-01,organic eggs,42
2026-02-01,pasture raised eggs,30
2026-02-01,regenerative eggs,2
2026-02-08,cage free eggs,10
2026-02-08,organic eggs,34
2026-02-08,pasture raised eggs,24
2026-02-08,regenerative eggs,0
2026-02-15,cage free eggs,11
2026-02-15,organic eggs,39
2026-02-15,pasture raised eggs,27
2026-02-15,regenerative eggs,1
2026-02-22,cage free eggs,13
2026-02-22,organic eggs,39
2026-02-22,pasture raised eggs,22
2026-02-22,regenerative eggs,0
2026-03-01,cage free eggs,13
2026-03-01,organic eggs,35
2026-03-01,pasture raised eggs,24
2026-03-01,regenerative eggs,0
2026-03-08,cage free eggs,13
2026-03-08,organic eggs,39
2026-03-08,pasture raised eggs,26
2026-03-08,regenerative eggs,0
2026-03-15,cage free eggs,12
2026-03-15,organic eggs,36
2026-03-15,pasture raised eggs,26
2026-03-15,regenerative eggs,0
2026-03-22,cage free eggs,15
2026-03-22,organic eggs,51
2026-03-22,pasture raised eggs,30
2026-03-22,regenerative eggs,2
2026-03-29,cage free eggs,24
2026-03-29,organic eggs,91
2026-03-29,pasture raised eggs,40
2026-03-29,regenerative eggs,1
2026-04-05,cage free eggs,32
2026-04-05,organic eggs,100
2026-04-05,pasture raised eggs,53
2026-04-05,regenerative eggs,0
2026-04-12,cage free eggs,34
2026-04-12,organic eggs,100
2026-04-12,pasture raised eggs,52
2026-04-12,regenerative eggs,2
2026-04-19,cage free eggs,27
2026-04-19,organic eggs,81
2026-04-19,pasture raised eggs,45
2026-04-19,regenerative eggs,0
2026-04-26,cage free eggs,21
2026-04-26,organic eggs,65
2026-04-26,pasture raised eggs,32
2026-04-26,regenerative eggs,0
2026-05-03,cage free eggs,15
2026-05-03,organic eggs,46
2026-05-03,pasture raised eggs,30
2026-05-03,regenerative eggs,2
2026-05-10,cage free eggs,15
2026-05-10,organic eggs,37
2026-05-10,pasture raised eggs,25
2026-05-10,regenerative eggs,1
2026-05-17,cage free eggs,14
2026-05-17,organic eggs,37
2026-05-17,pasture raised eggs,23
2026-05-17,regenerative eggs,1
