week,post_count,subreddits
2025-05-25,0,"r/seedoilfree, r/Carnivore, r/nutrition (seeded — to be re-fetched)"
2025-06-01,0,"r/seedoilfree, r/Carnivore, r/nutrition (seeded — to be re-fetched)"
2025-06-08,0,"r/seedoilfree, r/Carnivore, r/nutrition (seeded — to be re-fetched)"
2025-06-15,0,"r/seedoilfree, r/Carnivore, r/nutrition (seeded — to be re-fetched)"
2025-06-22,0,"r/seedoilfree, r/Carnivore, r/nutrition (seeded — to be re-fetched)"
2025-06-29,0,"r/seedoilfree, r/Carnivore, r/nutrition (seeded — to be re-fetched)"
2025-07-06,0,"r/seedoilfree, r/Carnivore, r/nutrition (seeded — to be re-fetched)"
2025-07-13,0,"r/seedoilfree, r/Carnivore, r/nutrition (seeded — to be re-fetched)"
2025-07-20,0,"r/seedoilfree, r/Carnivore, r/nutrition (seeded — to be re-fetched)"
2025-07-27,0,"r/seedoilfree, r/Carnivore, r/nutrition (seeded — to be re-fetched)"
2025-08-03,0,"r/seedoilfree, r/Carnivore, r/nutrition (seeded — to be re-fetched)"
2025-08-10,0,"r/seedoilfree, r/Carnivore, r/nutrition (seeded — to be re-fetched)"
2025-08-17,0,"r/seedoilfree, r/Carnivore, r/nutrition (seeded — to be re-fetched)"
2025-08-24,0,"r/seedoilfree, r/Carnivore, r/nutrition (seeded — to be re-fetched)"
2025-08-31,0,"r/seedoilfree, r/Carnivore, r/nutrition (seeded — to be re-fetched)"
2025-09-07,0,"r/seedoilfree, r/Carnivore, r/nutrition (seeded — to be re-fetched)"
2025-09-14,0,"r/seedoilfree, r/Carnivore, r/nutrition (seeded — to be re-fetched)"
2025-09-21,0,"r/seedoilfree, r/Carnivore, r/nutrition (seeded — to be re-fetched)"
2025-09-28,0,"r/seedoilfree, r/Carnivore, r/nutrition (seeded — to be re-fetched)"
2025-10-05,0,"r/seedoilfree, r/Carnivore, r/nutrition (seeded — to be re-fetched)"
2025-10-12,0,"r/seedoilfree, r/Carnivore, r/nutrition (seeded — to be re-fetched)"
2025-10-19,0,"r/seedoilfree, r/Carnivore, r/nutrition (seeded — to be re-fetched)"
2025-10-26,0,"r/seedoilfree, r/Carnivore, r/nutrition (seeded — to be re-fetched)"
2025-11-02,0,"r/seedoilfree, r/Carnivore, r/nutrition (seeded — to be re-fetched)"
2025-11-09,0,"r/seedoilfree, r/Carnivore, r/nutrition (seeded — to be re-fetched)"
2025-11-16,0,"r/seedoilfree, r/Carnivore, r/nutrition (seeded — to be re-fetched)"
2025-11-23,1,"r/seedoilfree, r/Carnivore, r/nutrition (seeded — to be re-fetched)"
2025-11-30,0,"r/seedoilfree, r/Carnivore, r/nutrition (seeded — to be re-fetched)"
2025-12-07,1,"r/seedoilfree, r/Carnivore, r/nutrition (seeded — to be re-fetched)"
2025-12-14,0,"r/seedoilfree, r/Carnivore, r/nutrition (seeded — to be re-fetched)"
2025-12-21,1,"r/seedoilfree, r/Carnivore, r/nutrition (seeded — to be re-fetched)"
2025-12-28,3,"r/seedoilfree, r/Carnivore, r/nutrition (seeded — to be re-fetched)"
2026-01-04,4,"r/seedoilfree, r/Carnivore, r/nutrition (seeded — to be re-fetched)"
2026-01-11,4,"r/seedoilfree, r/Carnivore, r/nutrition (seeded — to be re-fetched)"
2026-01-18,5,"r/seedoilfree, r/Carnivore, r/nutrition (seeded — to be re-fetched)"
2026-01-25,4,"r/seedoilfree, r/Carnivore, r/nutrition (seeded — to be re-fetched)"
2026-02-01,4,"r/seedoilfree, r/Carnivore, r/nutrition (seeded — to be re-fetched)"
2026-02-08,3,"r/seedoilfree, r/Carnivore, r/nutrition (seeded — to be re-fetched)"
2026-02-15,3,"r/seedoilfree, r/Carnivore, r/nutrition (seeded — to be re-fetched)"
2026-02-22,2,"r/seedoilfree, r/Carnivore, r/nutrition (seeded — to be re-fetched)"
2026-03-01,3,"r/seedoilfree, r/Carnivore, r/nutrition (seeded — to be re-fetched)"
2026-03-08,2,"r/seedoilfree, r/Carnivore, r/nutrition (seeded — to be re-fetched)"
2026-03-15,2,"r/seedoilfree, r/Carnivore, r/nutrition (seeded — to be re-fetched)"
2026-03-22,2,"r/seedoilfree, r/Carnivore, r/nutrition (seeded — to be re-fetched)"
2026-03-29,1,"r/seedoilfree, r/Carnivore, r/nutrition (seeded — to be re-fetched)"
2026-04-05,1,"r/seedoilfree, r/Carnivore, r/nutrition (seeded — to be re-fetched)"
2026-04-12,1,"r/seedoilfree, r/Carnivore, r/nutrition (seeded — to be re-fetched)"
2026-04-19,1,"r/seedoilfree, r/Carnivore, r/nutrition (seeded — to be re-fetched)"
2026-04-26,0,"r/seedoilfree, r/Carnivore, r/nutrition (seeded — to be re-fetched)"
2026-05-03,1,"r/seedoilfree, r/Carnivore, r/nutrition (seeded — to be re-fetched)"
2026-05-10,0,"r/seedoilfree, r/Carnivore, r/nutrition (seeded — to be re-fetched)"
2026-05-17,0,"r/seedoilfree, r/Carnivore, r/nutrition (seeded — to be re-fetched)"
