week,subreddit,query,post_count,pos_count,neg_count,neu_count
2023-09-17,Costco,vital farms,1,1,0,0
2023-12-03,carnivore,vital farms,1,1,0,0
2024-03-17,Costco,vital farms,1,1,0,0
2024-04-21,EatCheapAndHealthy,vital farms,1,0,0,1
2024-12-08,Cooking,vital farms,1,0,0,1
2024-12-15,Costco,vital farms,1,1,0,0
2025-01-12,Cooking,vital farms,1,0,0,1
2025-01-12,keto,vital farms,1,1,0,0
2025-02-16,nutrition,vital farms,1,1,0,0
2025-06-22,keto,vital farms,1,0,0,1
2025-12-14,Cooking,vital farms,1,0,0,1
2026-01-25,nutrition,vital farms,1,0,0,1
