date,subreddit,kind,author,excerpt,url,score,num_comments,sentiment
2026-05-18,ValueInvesting,post,aggressive-donkey-10,Which Came First: The Chicken or the Egg? Vital Farms,https://reddit.com/r/ValueInvesting/comments/1th3kug/which_came_first_the_chicken_or_the_egg_vital/,0,17,positive
2026-05-08,ValueInvesting,post,stefanliemawan,"Vital Farms Q1 2026: Shit Numbers, Strong Brand",https://reddit.com/r/ValueInvesting/comments/1t6uyod/vital_farms_q1_2026_shit_numbers_strong_brand/,7,35,neutral
2026-04-24,ValueInvesting,post,astropandaa,"Vital Farms; Scrambled Sentiment, Sunny Prospects",https://reddit.com/r/ValueInvesting/comments/1suqe5i/vital_farms_scrambled_sentiment_sunny_prospects/,0,10,positive
2026-03-27,ValueInvesting,post,stefanliemawan,Vital Farms (VITL) — My attempt on a DCF valuation.,https://reddit.com/r/ValueInvesting/comments/1s5bmmi/vital_farms_vitl_my_attempt_on_a_dcf_valuation/,5,23,positive
2026-03-25,ValueInvesting,post,stefanliemawan,Vital Farms (VITL): DCF suggests significant upside with downside already priced in.,https://reddit.com/r/ValueInvesting/comments/1s3h1qr/vital_farms_vitl_dcf_suggests_significant_upside/,1,0,positive
2026-03-01,ValueInvesting,post,stefanliemawan,Vital Farms: Ethical and Undervalued,https://reddit.com/r/ValueInvesting/comments/1ri6f7s/vital_farms_ethical_and_undervalued/,1,1,neutral
2026-03-01,ValueInvesting,post,stefanliemawan,Vital Farms: Ethical and Undervalued,https://reddit.com/r/ValueInvesting/comments/1ri6j0f/vital_farms_ethical_and_undervalued/,0,10,neutral
2026-01-06,wallstreetbets,post,bhoto,VITL: When NPCs Start Reading Labels,https://reddit.com/r/wallstreetbets/comments/1q5yuhi/vitl_when_npcs_start_reading_labels/,1,3,neutral
2025-11-10,wallstreetbets,post,rare-kangaroo8075,Vital Farms a profit,https://reddit.com/r/wallstreetbets/comments/1oto6jr/vital_farms_a_profit/,0,5,neutral
2025-09-16,investing,post,silverchain007,Financial advisor broker - should I fire,https://reddit.com/r/investing/comments/1ni2rm2/financial_advisor_broker_should_i_fire/,5,46,neutral
2025-06-24,ValueInvesting,post,away_definition5829,20 Investment write-ups to look at,https://reddit.com/r/ValueInvesting/comments/1lj4vmk/20_investment_writeups_to_look_at/,20,2,neutral
2025-06-17,keto,post,z-routh,Need a little help.,https://reddit.com/r/keto/comments/1ldbvuv/need_a_little_help/,5,10,neutral
2025-03-15,ValueInvesting,post,somalley3,"Markets Are Correcting, But ABNB Is Still A Powerful Compounder: My Research on Airbnb and the Future of Hospitality",https://reddit.com/r/ValueInvesting/comments/1jbwu3x/markets_are_correcting_but_abnb_is_still_a/,0,46,neutral
2025-03-02,ValueInvesting,post,somalley3,Blue Owl Capital: The Next Blackstone?,https://reddit.com/r/ValueInvesting/comments/1j206t2/blue_owl_capital_the_next_blackstone/,30,23,neutral
2025-02-23,ValueInvesting,post,somalley3,VeriSign: Buffett's Internet Toll Road Bet,https://reddit.com/r/ValueInvesting/comments/1iwegv5/verisign_buffetts_internet_toll_road_bet/,1,0,neutral
2025-02-11,stocks,post,jay_ety,Puts on Farm Products? VITL?,https://reddit.com/r/stocks/comments/1in62dd/puts_on_farm_products_vitl/,2,1,neutral
2025-02-11,wallstreetbets,post,jay_ety,Puts on Farm Products?,https://reddit.com/r/wallstreetbets/comments/1in60sa/puts_on_farm_products/,1,7,neutral
2025-02-09,ValueInvesting,post,somalley3,"Vital Farms: ""Egg-Cellent"" Value?",https://reddit.com/r/ValueInvesting/comments/1ilkgsa/vital_farms_eggcellent_value/,11,14,neutral
2025-01-28,stocks,post,retropixl,My regard simple DD for Vital Farms (VITL),https://reddit.com/r/stocks/comments/1ibpm4j/my_regard_simple_dd_for_vital_farms_vitl/,0,1,neutral
2025-01-09,keto,post,ungodlypm,Daily Eats any thoughts and recommendations?,https://reddit.com/r/keto/comments/1hx1kfn/daily_eats_any_thoughts_and_recommendations/,2,9,positive
2025-01-03,ValueInvesting,post,willing-log-3185,Please rate and comment on my portfolio (22M),https://reddit.com/r/ValueInvesting/comments/1hss6pe/please_rate_and_comment_on_my_portfolio_22m/,3,4,positive
2024-12-31,stocks,post,usual-ad720,3 stocks I have to benefit from a growing animal welfare + ethical food movement,https://reddit.com/r/stocks/comments/1hqi42h/3_stocks_i_have_to_benefit_from_a_growing_animal/,0,46,negative
2024-12-12,Costco,post,slight_citron_7064,For the bakers: avoid the Kirkland cream cheese and pastured eggs,https://reddit.com/r/Costco/comments/1hccb3r/for_the_bakers_avoid_the_kirkland_cream_cheese/,0,21,positive
2024-12-10,ValueInvesting,post,ill_ad_2065,Vital Farms. Thoughts? Expensive but seems to be a quality company,https://reddit.com/r/ValueInvesting/comments/1hb3716/vital_farms_thoughts_expensive_but_seems_to_be_a/,4,9,neutral
2024-12-06,investing,post,rifleman209,Provide your Thoughts on my Growth Portfolio,https://reddit.com/r/investing/comments/1h7qvtl/provide_your_thoughts_on_my_growth_portfolio/,0,7,neutral
2024-12-05,stocks,post,usual-ad720,Vital Farms (VITL) and the Growing Premium Food Market - Analysis of Cultural Shifts and Market Opportunities,https://reddit.com/r/stocks/comments/1h7in07/vital_farms_vitl_and_the_growing_premium_food/,12,13,positive
2024-10-25,stocks,post,sugamaballz69,Favorite 10 stocks,https://reddit.com/r/stocks/comments/1gbl5kl/favorite_10_stocks/,224,66,neutral
2024-10-17,ValueInvesting,post,pershing_circle,Please give me your opinion on my portfolio and my holdings,https://reddit.com/r/ValueInvesting/comments/1g5k3xd/please_give_me_your_opinion_on_my_portfolio_and/,0,76,neutral
2024-10-17,ValueInvesting,post,willing-log-3185,Please tell me your opinion on my portfolio,https://reddit.com/r/ValueInvesting/comments/1g5k3b2/please_tell_me_your_opinion_on_my_portfolio/,1,0,neutral
2024-07-23,wallstreetbets,post,alfrescodog,Bird Flu Crisis: Meet the 🥚 Egg Producer Poised to Succeed,https://reddit.com/r/wallstreetbets/comments/1eafhjn/bird_flu_crisis_meet_the_egg_producer_poised_to/,1,3,positive
2024-05-28,ValueInvesting,post,that_is_curious,Would anybody be interested in VITL?,https://reddit.com/r/ValueInvesting/comments/1d2vdtq/would_anybody_be_interested_in_vitl/,0,3,neutral
2024-05-21,wallstreetbets,post,ataturkle,Pile in to VITL you Egg Heads,https://reddit.com/r/wallstreetbets/comments/1cxaeve/pile_in_to_vitl_you_egg_heads/,1,3,positive
2024-04-24,wallstreetbets,post,ataturkle,Vital Farms (VITL) - The Egg-cellent Opportunity,https://reddit.com/r/wallstreetbets/comments/1cbxpgz/vital_farms_vitl_the_eggcellent_opportunity/,1,10,positive
2024-04-21,EatCheapAndHealthy,post,mcfly_ash,Cheaper alternative to Vital Farms Eggs?,https://reddit.com/r/EatCheapAndHealthy/comments/1c94e94/cheaper_alternative_to_vital_farms_eggs/,29,43,neutral
2024-04-18,ValueInvesting,post,dude_abides_walter,Consumer Staple Names,https://reddit.com/r/ValueInvesting/comments/1c6rn35/consumer_staple_names/,11,20,neutral
2024-04-17,ValueInvesting,post,coltainekk,Another 'Feedback on my porfolio' thread..,https://reddit.com/r/ValueInvesting/comments/1c61ky4/another_feedback_on_my_porfolio_thread/,1,7,neutral
2024-04-17,ValueInvesting,post,dude_abides_walter,Vital Farms (VITL): A buy or not?,https://reddit.com/r/ValueInvesting/comments/1c5yvhe/vital_farms_vitl_a_buy_or_not/,5,2,positive
2024-03-17,Costco,post,possible-address-407,Pasture Raised eggs in NJ,https://reddit.com/r/Costco/comments/1bgz00w/pasture_raised_eggs_in_nj/,1,1,positive
2023-09-11,Costco,post,jasonj1908,Kirkland Grass-Fed Butter,https://reddit.com/r/Costco/comments/16g0cym/kirkland_grassfed_butter/,76,69,positive
2023-06-30,ValueInvesting,post,stockfanatic,The Best Stock Research Tools for 2023,https://reddit.com/r/ValueInvesting/comments/14n8pzb/the_best_stock_research_tools_for_2023/,87,17,positive
