date,close,volume
2023-05-22,15.12,149600
2023-05-23,15.19,240100
2023-05-24,15.11,205900
2023-05-25,14.66,124400
2023-05-26,14.98,150900
2023-05-30,13.86,206800
2023-05-31,14.49,459900
2023-06-01,14.49,583400
2023-06-02,14.71,309500
2023-06-05,14.54,178900
2023-06-06,14.62,212800
2023-06-07,14.79,287900
2023-06-08,14.65,159300
2023-06-09,14.16,238200
2023-06-12,14.34,184800
2023-06-13,13.78,228300
2023-06-14,13.61,145900
2023-06-15,13.48,143900
2023-06-16,13.23,611900
2023-06-20,12.95,233400
2023-06-21,13.0,448900
2023-06-22,13.21,184500
2023-06-23,13.18,473000
2023-06-26,12.56,218400
2023-06-27,12.01,215400
2023-06-28,11.79,278900
2023-06-29,11.9,390100
2023-06-30,11.99,231300
2023-07-03,12.05,105000
2023-07-05,11.85,264700
2023-07-06,11.42,161800
2023-07-07,11.35,145000
2023-07-10,11.38,331900
2023-07-11,11.15,475400
2023-07-12,11.03,254700
2023-07-13,11.17,281200
2023-07-14,10.26,2791400
2023-07-17,10.8,528100
2023-07-18,11.13,1493400
2023-07-19,10.975,756100
2023-07-20,10.92,349300
2023-07-21,10.68,253100
2023-07-24,10.72,368300
2023-07-25,10.69,238600
2023-07-26,11.11,324600
2023-07-27,11.07,884800
2023-07-28,11.44,274100
2023-07-31,11.7,437200
2023-08-01,10.705,422900
2023-08-02,10.54,494000
2023-08-03,13.27,2112500
2023-08-04,12.4,759500
2023-08-07,12.25,440000
2023-08-08,12.18,874000
2023-08-09,11.66,383500
2023-08-10,12.0,328700
2023-08-11,12.01,194300
2023-08-14,11.65,308700
2023-08-15,11.35,287100
2023-08-16,12.0,1091800
2023-08-17,11.98,647200
2023-08-18,12.51,747100
2023-08-21,12.42,349000
2023-08-22,12.59,331500
2023-08-23,12.46,237700
2023-08-24,12.06,255200
2023-08-25,12.19,166000
2023-08-28,12.23,164400
2023-08-29,11.98,330300
2023-08-30,11.985,206400
2023-08-31,11.78,160900
2023-09-01,11.86,208000
2023-09-05,11.57,286800
2023-09-06,11.3,284000
2023-09-07,11.46,317800
2023-09-08,11.43,154400
2023-09-11,10.98,250500
2023-09-12,11.12,248200
2023-09-13,10.38,454700
2023-09-14,10.69,424600
2023-09-15,10.82,505300
2023-09-18,10.92,573500
2023-09-19,11.23,413900
2023-09-20,11.08,240500
2023-09-21,11.64,441500
2023-09-22,11.69,447500
2023-09-25,11.59,255000
2023-09-26,11.59,320600
2023-09-27,11.48,192000
2023-09-28,11.74,209600
2023-09-29,11.58,470000
2023-10-02,11.21,165000
2023-10-03,11.16,162600
2023-10-04,11.1,176900
2023-10-05,11.0,298200
2023-10-06,10.89,206700
2023-10-09,11.12,218600
2023-10-10,11.45,243000
2023-10-11,11.1,161500
2023-10-12,10.82,226100
2023-10-13,10.76,247200
2023-10-16,10.99,340200
2023-10-17,10.99,211100
2023-10-18,11.02,211900
2023-10-19,10.99,187800
2023-10-20,10.57,283000
2023-10-23,10.59,236100
2023-10-24,10.97,257500
2023-10-25,11.07,164600
2023-10-26,11.21,174200
2023-10-27,10.73,300300
2023-10-30,10.85,205300
2023-10-31,11.06,193300
2023-11-01,11.34,300600
2023-11-02,11.45,497800
2023-11-03,11.65,274700
2023-11-06,12.08,350900
2023-11-07,12.01,257100
2023-11-08,11.71,226900
2023-11-09,11.8,232200
2023-11-10,12.01,161200
2023-11-13,11.84,287100
2023-11-14,12.34,380600
2023-11-15,12.8,475300
2023-11-16,12.46,261000
2023-11-17,12.7,486600
2023-11-20,12.87,365400
2023-11-21,12.41,296500
2023-11-22,12.69,185200
2023-11-24,12.83,50600
2023-11-27,12.58,155200
2023-11-28,12.88,277700
2023-11-29,12.84,212000
2023-11-30,13.32,289500
2023-12-01,13.9,349100
2023-12-04,13.94,432500
2023-12-05,14.13,251900
2023-12-06,14.29,186300
2023-12-07,14.65,195900
2023-12-08,15.21,381900
2023-12-11,15.13,548200
2023-12-12,15.06,308300
2023-12-13,15.3,317600
2023-12-14,14.84,300200
2023-12-15,14.42,434100
2023-12-18,14.2,241200
2023-12-19,14.77,233400
2023-12-20,14.75,221800
2023-12-21,14.96,141000
2023-12-22,15.06,157700
2023-12-26,15.13,176100
2023-12-27,15.48,188500
2023-12-28,15.67,159100
2023-12-29,15.69,165200
2024-01-02,15.43,201300
2024-01-03,14.86,213500
2024-01-04,15.38,233000
2024-01-05,15.35,153400
2024-01-08,15.76,221400
2024-01-09,15.24,187400
2024-01-10,15.52,173300
2024-01-11,15.07,230700
2024-01-12,15.25,190600
2024-01-16,15.19,282100
2024-01-17,14.83,161300
2024-01-18,14.75,279900
2024-01-19,14.41,230500
2024-01-22,14.57,173100
2024-01-23,14.59,203900
2024-01-24,14.71,206400
2024-01-25,15.02,212800
2024-01-26,14.93,144500
2024-01-29,15.05,110300
2024-01-30,15.08,536500
2024-01-31,14.38,167000
2024-02-01,15.14,248900
2024-02-02,14.75,214500
2024-02-05,14.95,360400
2024-02-06,14.87,100100
2024-02-07,14.9,149400
2024-02-08,15.31,256600
2024-02-09,15.5,211100
2024-02-12,15.44,269300
2024-02-13,15.04,190600
2024-02-14,15.2,155100
2024-02-15,15.57,181600
2024-02-16,15.62,147300
2024-02-20,16.09,284600
2024-02-21,18.0,974600
2024-02-22,16.63,609900
2024-02-23,16.84,457300
2024-02-26,17.3,263800
2024-02-27,17.88,211600
2024-02-28,17.43,230900
2024-02-29,17.97,333700
2024-03-01,18.26,397600
2024-03-04,18.33,249300
2024-03-05,18.73,410100
2024-03-06,19.0,480800
2024-03-07,19.9,787900
2024-03-08,20.51,618400
2024-03-11,20.99,444900
2024-03-12,21.0,401200
2024-03-13,20.98,281300
2024-03-14,21.71,636600
2024-03-15,21.58,770600
2024-03-18,22.38,748600
2024-03-19,23.19,796600
2024-03-20,22.82,773900
2024-03-21,23.41,952700
2024-03-22,22.96,467300
2024-03-25,23.04,601300
2024-03-26,22.94,531300
2024-03-27,23.21,453900
2024-03-28,23.25,718600
2024-04-01,23.64,606100
2024-04-02,24.1,444200
2024-04-03,24.01,387600
2024-04-04,24.26,360600
2024-04-05,25.42,784000
2024-04-08,25.06,828800
2024-04-09,24.71,629200
2024-04-10,24.8,730000
2024-04-11,25.65,595100
2024-04-12,25.07,504800
2024-04-15,24.88,409200
2024-04-16,25.17,406500
2024-04-17,25.11,495200
2024-04-18,25.2,454200
2024-04-19,25.24,558100
2024-04-22,25.34,805600
2024-04-23,26.25,654100
2024-04-24,26.64,719800
2024-04-25,26.44,476500
2024-04-26,27.0,394000
2024-04-29,26.84,495200
2024-04-30,26.76,847100
2024-05-01,27.33,495200
2024-05-02,28.21,642500
2024-05-03,28.14,504700
2024-05-06,29.08,650500
2024-05-07,29.21,629200
2024-05-08,29.91,573100
2024-05-09,37.97,4006500
2024-05-10,36.41,1786600
2024-05-13,35.6,1452000
2024-05-14,37.01,1116700
2024-05-15,36.7,827800
2024-05-16,37.82,782000
2024-05-17,37.64,633700
2024-05-20,38.97,725700
2024-05-21,40.93,1030300
2024-05-22,39.61,745500
2024-05-23,40.6,602000
2024-05-24,40.53,597300
2024-05-28,40.4,819900
2024-05-29,41.39,636600
2024-05-30,41.86,760700
2024-05-31,41.38,937100
2024-06-03,43.11,1007900
2024-06-04,42.97,891100
2024-06-05,44.64,683400
2024-06-06,43.57,573200
2024-06-07,41.83,589900
2024-06-10,41.17,1689000
2024-06-11,41.11,809700
2024-06-12,42.15,587300
2024-06-13,41.44,485700
2024-06-14,40.39,763600
2024-06-17,42.38,676100
2024-06-18,42.46,641200
2024-06-20,41.38,586900
2024-06-21,42.33,567500
2024-06-24,44.74,875700
2024-06-25,45.72,867600
2024-06-26,46.22,951900
2024-06-27,44.23,1063800
2024-06-28,46.77,1639000
2024-07-01,45.48,1318300
2024-07-02,43.84,972400
2024-07-03,44.89,296900
2024-07-05,44.0,487900
2024-07-08,45.79,722700
2024-07-09,45.81,688400
2024-07-10,45.3,758800
2024-07-11,44.09,654900
2024-07-12,43.24,596500
2024-07-15,42.68,935400
2024-07-16,42.53,970000
2024-07-17,41.22,815600
2024-07-18,40.44,666500
2024-07-19,39.4,1288700
2024-07-22,39.0,1046200
2024-07-23,38.68,601000
2024-07-24,37.05,607600
2024-07-25,37.12,961100
2024-07-26,36.12,1700600
2024-07-29,36.82,855700
2024-07-30,36.23,587100
2024-07-31,36.49,1048500
2024-08-01,36.51,729300
2024-08-02,34.93,758600
2024-08-05,33.56,1027400
2024-08-06,35.36,1200300
2024-08-07,34.72,2096700
2024-08-08,31.5,3054300
2024-08-09,30.47,2059700
2024-08-12,30.96,1786000
2024-08-13,30.55,1079200
2024-08-14,31.6,932400
2024-08-15,30.6,942100
2024-08-16,31.05,1421600
2024-08-19,31.32,764900
2024-08-20,30.96,522200
2024-08-21,31.7,725100
2024-08-22,31.5,567800
2024-08-23,32.18,650000
2024-08-26,32.62,521600
2024-08-27,32.39,642400
2024-08-28,30.83,588000
2024-08-29,30.9,508000
2024-08-30,31.45,598400
2024-09-03,30.15,936400
2024-09-04,30.52,655500
2024-09-05,30.51,812000
2024-09-06,29.28,878100
2024-09-09,30.9,1130200
2024-09-10,31.09,960700
2024-09-11,31.35,1162800
2024-09-12,30.65,715200
2024-09-13,31.35,610000
2024-09-16,31.42,636900
2024-09-17,32.43,1271500
2024-09-18,31.98,984100
2024-09-19,32.52,911900
2024-09-20,33.43,1212900
2024-09-23,34.33,1018400
2024-09-24,35.73,1319800
2024-09-25,35.73,1070700
2024-09-26,34.82,1032300
2024-09-27,35.13,899300
2024-09-30,35.07,1213300
2024-10-01,36.18,1105300
2024-10-02,36.06,908200
2024-10-03,35.49,901800
2024-10-04,36.32,511600
2024-10-07,37.67,1970200
2024-10-08,38.4,984500
2024-10-09,39.71,1230100
2024-10-10,38.73,1540400
2024-10-11,39.77,679500
2024-10-14,39.95,1012100
2024-10-15,40.0,771200
2024-10-16,40.91,774700
2024-10-17,40.27,619500
2024-10-18,40.35,699900
2024-10-21,38.9,1320000
2024-10-22,38.31,3320200
2024-10-23,35.96,2205400
2024-10-24,34.77,1361100
2024-10-25,35.37,656100
2024-10-28,36.15,904700
2024-10-29,36.39,677700
2024-10-30,36.38,633300
2024-10-31,34.68,1015300
2024-11-01,34.56,598400
2024-11-04,34.56,831400
2024-11-05,35.46,706300
2024-11-06,36.87,1350100
2024-11-07,31.38,5246800
2024-11-08,30.91,1388100
2024-11-11,29.28,2388800
2024-11-12,28.43,1271700
2024-11-13,28.5,1179900
2024-11-14,28.5,674500
2024-11-15,28.13,1173800
2024-11-18,29.15,1111600
2024-11-19,30.13,1518800
2024-11-20,30.13,1149500
2024-11-21,31.03,705800
2024-11-22,30.44,1742400
2024-11-25,32.27,2210200
2024-11-26,32.53,1806900
2024-11-27,32.34,1829400
2024-11-29,33.2,1236900
2024-12-02,33.75,809900
2024-12-03,34.14,666200
2024-12-04,34.23,922900
2024-12-05,34.47,560500
2024-12-06,35.44,521300
2024-12-09,36.97,975000
2024-12-10,37.57,1116400
2024-12-11,38.73,894700
2024-12-12,36.99,771900
2024-12-13,37.57,892200
2024-12-16,38.85,1053100
2024-12-17,38.815,660800
2024-12-18,37.23,874100
2024-12-19,38.74,760500
2024-12-20,39.69,1902700
2024-12-23,38.81,718000
2024-12-24,39.33,344300
2024-12-26,37.72,742800
2024-12-27,37.345,694000
2024-12-30,37.16,555700
2024-12-31,37.69,658200
2025-01-02,38.84,444300
2025-01-03,39.63,476100
2025-01-06,38.55,974700
2025-01-07,37.6,674700
2025-01-08,39.38,772600
2025-01-10,40.13,902600
2025-01-13,41.62,3004800
2025-01-14,42.08,1307200
2025-01-15,42.67,935800
2025-01-16,43.14,824000
2025-01-17,45.01,1612900
2025-01-21,43.93,1617200
2025-01-22,44.39,1134100
2025-01-23,45.12,685700
2025-01-24,43.14,1238600
2025-01-27,42.37,1137400
2025-01-28,42.87,802100
2025-01-29,44.04,664500
2025-01-30,44.93,1094500
2025-01-31,43.875,873000
2025-02-03,39.88,1785700
2025-02-04,38.01,1299800
2025-02-05,37.69,1314000
2025-02-06,37.49,809100
2025-02-07,36.17,893700
2025-02-10,35.41,1152900
2025-02-11,35.71,926400
2025-02-12,34.93,1009800
2025-02-13,35.42,858600
2025-02-14,34.76,1651900
2025-02-18,34.31,1455300
2025-02-19,35.38,889300
2025-02-20,34.77,1126900
2025-02-21,34.9,893100
2025-02-24,32.33,1894500
2025-02-25,32.06,1184200
2025-02-26,33.88,1484500
2025-02-27,30.79,4098200
2025-02-28,33.11,2913100
2025-03-03,31.55,2042500
2025-03-04,31.15,1249500
2025-03-05,30.78,936100
2025-03-06,30.39,1042100
2025-03-07,33.12,1414300
2025-03-10,32.04,1172400
2025-03-11,31.6,906600
2025-03-12,31.94,1022200
2025-03-13,29.32,1454600
2025-03-14,30.94,1209800
2025-03-17,31.59,994700
2025-03-18,29.59,1036500
2025-03-19,29.56,1078900
2025-03-20,29.52,1046100
2025-03-21,29.79,698900
2025-03-24,31.36,1051200
2025-03-25,32.46,757200
2025-03-26,31.0,601700
2025-03-27,30.27,641800
2025-03-28,29.72,879700
2025-03-31,30.47,1013300
2025-04-01,30.95,944900
2025-04-02,31.66,730800
2025-04-03,32.38,1182700
2025-04-04,32.23,1166400
2025-04-07,32.69,1105400
2025-04-08,32.3,1293700
2025-04-09,33.79,1718600
2025-04-10,33.09,967200
2025-04-11,34.01,752800
2025-04-14,33.62,844300
2025-04-15,33.75,642700
2025-04-16,33.03,626600
2025-04-17,32.99,681800
2025-04-21,33.06,998400
2025-04-22,33.49,609300
2025-04-23,33.73,768000
2025-04-24,33.61,548600
2025-04-25,33.38,455500
2025-04-28,33.64,629700
2025-04-29,33.83,492300
2025-04-30,34.24,651800
2025-05-01,35.07,606000
2025-05-02,35.77,718100
2025-05-05,35.54,723400
2025-05-06,36.03,746300
2025-05-07,35.92,577100
2025-05-08,32.57,1889800
2025-05-09,33.82,973800
2025-05-12,34.56,969300
2025-05-13,34.16,760100
2025-05-14,33.68,659600
2025-05-15,34.25,787700
2025-05-16,35.8,917800
2025-05-19,35.99,868100
2025-05-20,34.7,633900
2025-05-21,34.15,571200
2025-05-22,34.34,828300
2025-05-23,33.23,715900
2025-05-27,33.14,602200
2025-05-28,31.78,826100
2025-05-29,31.95,433400
2025-05-30,31.84,984600
2025-06-02,31.46,1501900
2025-06-03,31.3,1097400
2025-06-04,30.69,688700
2025-06-05,30.52,610600
2025-06-06,30.88,822500
2025-06-09,31.52,913300
2025-06-10,32.65,600900
2025-06-11,32.13,552100
2025-06-12,32.19,561200
2025-06-13,31.65,637500
2025-06-16,32.21,673700
2025-06-17,34.32,1367700
2025-06-18,35.75,1426200
2025-06-20,36.23,1382700
2025-06-23,36.1,584000
2025-06-24,36.96,764300
2025-06-25,37.56,660400
2025-06-26,37.36,792100
2025-06-27,38.83,1508900
2025-06-30,38.52,853300
2025-07-01,39.42,779400
2025-07-02,39.54,748600
2025-07-03,38.91,385800
2025-07-07,38.3,658000
2025-07-08,39.05,977100
2025-07-09,39.16,725200
2025-07-10,38.91,473300
2025-07-11,38.17,457100
2025-07-14,38.21,426100
2025-07-15,37.79,819100
2025-07-16,36.8,540100
2025-07-17,37.35,478000
2025-07-18,37.4,350200
2025-07-21,36.91,653900
2025-07-22,37.55,654000
2025-07-23,39.51,1735400
2025-07-24,36.42,1112800
2025-07-25,36.38,637300
2025-07-28,36.29,954500
2025-07-29,37.04,736400
2025-07-30,37.56,1316100
2025-07-31,37.2,824600
2025-08-01,35.27,640900
2025-08-04,36.31,493500
2025-08-05,36.38,763600
2025-08-06,37.3,1251900
2025-08-07,43.86,3060100
2025-08-08,45.48,2163300
2025-08-11,46.15,1643300
2025-08-12,46.21,1191200
2025-08-13,47.74,1097300
2025-08-14,47.75,933400
2025-08-15,47.75,846000
2025-08-18,49.4,824300
2025-08-19,48.58,1498600
2025-08-20,49.79,1652000
2025-08-21,50.19,1192100
2025-08-22,50.94,880800
2025-08-25,51.7,1038400
2025-08-26,51.23,1128300
2025-08-27,52.41,1179700
2025-08-28,51.38,856500
2025-08-29,51.09,952900
2025-09-02,51.9,1332300
2025-09-03,49.27,1160500
2025-09-04,51.6,1459600
2025-09-05,51.12,556200
2025-09-08,47.25,2544300
2025-09-09,47.41,1269200
2025-09-10,47.105,945300
2025-09-11,48.48,675100
2025-09-12,48.56,707100
2025-09-15,47.06,632900
2025-09-16,47.05,817700
2025-09-17,44.8,1026100
2025-09-18,46.17,1049400
2025-09-19,44.41,1480200
2025-09-22,44.33,931100
2025-09-23,43.53,647100
2025-09-24,41.9,1053100
2025-09-25,40.86,1433700
2025-09-26,42.3,1080400
2025-09-29,41.935,971500
2025-09-30,41.15,1099200
2025-10-01,40.66,1684600
2025-10-02,41.21,1104100
2025-10-03,42.02,1337500
2025-10-06,41.89,870100
2025-10-07,43.83,930200
2025-10-08,44.61,1003500
2025-10-09,43.68,927900
2025-10-10,43.4,630300
2025-10-13,41.56,672200
2025-10-14,41.98,844900
2025-10-15,39.3,1112600
2025-10-16,40.37,997300
2025-10-17,40.85,1009300
2025-10-20,39.9,820300
2025-10-21,38.13,1065800
2025-10-22,38.28,1222200
2025-10-23,38.11,1405700
2025-10-24,38.38,833800
2025-10-27,36.64,1508100
2025-10-28,34.88,1765900
2025-10-29,34.89,1523100
2025-10-30,33.29,1590500
2025-10-31,32.85,1098500
2025-11-03,32.18,2666400
2025-11-04,37.37,3673200
2025-11-05,35.67,2454100
2025-11-06,35.48,1612600
2025-11-07,34.68,1091800
2025-11-10,32.97,1343300
2025-11-11,32.87,1284000
2025-11-12,32.52,933700
2025-11-13,32.64,868400
2025-11-14,32.18,747200
2025-11-17,30.74,1163300
2025-11-18,31.69,1597300
2025-11-19,32.43,1429500
2025-11-20,31.96,1327700
2025-11-21,32.06,1292700
2025-11-24,30.67,1487800
2025-11-25,31.35,1426500
2025-11-26,32.12,1237200
2025-11-28,32.7,545300
2025-12-01,32.92,2070900
2025-12-02,31.16,1250700
2025-12-03,30.52,5420700
2025-12-04,31.46,1510700
2025-12-05,31.73,5184600
2025-12-08,31.73,1630000
2025-12-09,33.33,4506700
2025-12-10,33.94,8056000
2025-12-11,33.99,2189400
2025-12-12,34.3,1505800
2025-12-15,34.53,3407700
2025-12-16,32.2,3569100
2025-12-17,32.79,1973900
2025-12-18,32.25,1893900
2025-12-19,33.38,1376700
2025-12-22,32.67,1289100
2025-12-23,32.59,1411300
2025-12-24,32.68,568600
2025-12-26,31.73,660300
2025-12-29,32.51,864700
2025-12-30,32.99,720100
2025-12-31,31.94,1442500
2026-01-02,29.82,1782800
2026-01-05,29.7,1705900
2026-01-06,30.03,1422200
2026-01-07,30.04,1264000
2026-01-08,30.06,1027900
2026-01-09,30.9,887300
2026-01-12,30.81,971500
2026-01-13,30.59,1122600
2026-01-14,29.55,1226700
2026-01-15,29.49,804100
2026-01-16,29.25,958400
2026-01-20,27.46,4069300
2026-01-21,27.3,2861200
2026-01-22,30.11,2678200
2026-01-23,28.38,1621800
2026-01-26,27.5,1673900
2026-01-27,27.8,1335000
2026-01-28,27.21,1370100
2026-01-29,28.13,1241600
2026-01-30,28.45,1426800
2026-02-02,27.44,1149000
2026-02-03,26.72,1886900
2026-02-04,26.82,1914200
2026-02-05,26.19,1223200
2026-02-06,26.85,1030900
2026-02-09,26.12,1155100
2026-02-10,26.15,1513800
2026-02-11,25.8,1654200
2026-02-12,27.71,1411500
2026-02-13,28.41,1075000
2026-02-17,28.24,2035000
2026-02-18,27.47,1777500
2026-02-19,27.55,1123400
2026-02-20,27.17,1273300
2026-02-23,25.57,2210800
2026-02-24,25.76,1842900
2026-02-25,24.79,2459700
2026-02-26,22.11,12842400
2026-02-27,21.09,3750800
2026-03-02,20.12,2342000
2026-03-03,20.3,3749900
2026-03-04,20.01,1950200
2026-03-05,19.89,2180900
2026-03-06,19.89,1654100
2026-03-09,19.1,2235400
2026-03-10,18.06,1533500
2026-03-11,17.62,2171900
2026-03-12,17.47,2656500
2026-03-13,17.21,2017100
2026-03-16,16.21,3439900
2026-03-17,15.7,2618800
2026-03-18,15.16,3819800
2026-03-19,15.33,3470700
2026-03-20,14.51,4209400
2026-03-23,13.69,3172100
2026-03-24,13.8,2890400
2026-03-25,13.54,3052800
2026-03-26,13.01,2197200
2026-03-27,13.14,2364600
2026-03-30,13.2,2575000
2026-03-31,14.12,2980300
2026-04-01,13.4,2983600
2026-04-02,12.59,3447500
2026-04-06,13.11,2163900
2026-04-07,13.55,3127400
2026-04-08,12.77,3334400
2026-04-09,12.99,2280500
2026-04-10,13.04,2271200
2026-04-13,12.75,1640100
2026-04-14,12.75,1744800
2026-04-15,12.26,2708300
2026-04-16,12.47,2332500
2026-04-17,12.29,2341200
2026-04-20,12.8,2781400
2026-04-21,13.13,2461300
2026-04-22,12.5,2349200
2026-04-23,12.73,2136600
2026-04-24,12.64,1853900
2026-04-27,13.17,2786600
2026-04-28,12.96,2445200
2026-04-29,12.1,4582400
2026-04-30,13.65,4168100
2026-05-01,14.18,3218200
2026-05-04,13.0,3185700
2026-05-05,12.8,3678800
2026-05-06,12.0,5202100
2026-05-07,9.52,19560700
2026-05-08,8.94,6525700
2026-05-11,8.74,5284700
2026-05-12,8.65,3791300
2026-05-13,8.33,4268800
2026-05-14,8.51,3177400
2026-05-15,8.48,4427200
2026-05-18,8.28,4204000
2026-05-19,9.17,4304900
2026-05-20,9.78,2128523
